Workbook

Sheet Дашборд
A1: ProfiMet: по источникам
A2: Период (выберите из списка) | B2: Текущий месяц
A3: Начало | B3: =IF($B$2="Свой период",$E$3,VLOOKUP($B$2,'Списки'!$A$2:$C$14,2,FALSE)) | D3: Свой период: начало | E3: 46296
A4: Конец | B4: =IF($B$2="Свой период",$E$4,MIN(VLOOKUP($B$2,'Списки'!$A$2:$C$14,3,FALSE),MAX('Данные'!$A:$A))) | D4: Свой период: конец | E4: 46315
A5: Курс USD→EUR для Facebook (допущение, можно менять) | B5: 0.8244
A6: Данные есть по | B6: =MAX('Данные'!$A:$A)
A7: Режим подсчёта конверсий и звонков | B7: Наш (60 дней, формы из CRM)
A8: Источник | B8: Цена | C8: Клики | D8: Показы | E8: Цена клика | F8: CTR % | G8: Конверсии | H8: % конверсии | I8: Цена заявки | J8: Звонки | K8: Продажи | L8: % продажи | M8: Цена продажи
A9: Google Ads | B9: =SUMIFS('Данные'!$C:$C,'Данные'!$A:$A,">="&$B$3,'Данные'!$A:$A,"<="&$B$4,'Данные'!$B:$B,$A9) | C9: =SUMIFS('Данные'!$D:$D,'Данные'!$A:$A,">="&$B$3,'Данные'!$A:$A,"<="&$B$4,'Данные'!$B:$B,$A9) | D9: =SUMIFS('Данные'!$E:$E,'Данные'!$A:$A,">="&$B$3,'Данные'!$A:$A,"<="&$B$4,'Данные'!$B:$B,$A9) | E9: =IFERROR(B9/C9,"") | F9: =IFERROR(C9/D9*100,"") | G9: =IF(LEFT($B$7,3)="Как",SUMIFS('Данные'!$I:$I,'Данные'!$A:$A,">="&$B$3,'Данные'!$A:$A,"<="&$B$4,'Данные'!$B:$B,$A9),SUMIFS('Данные'!$F:$F,'Данные'!$A:$A,">="&$B$3,'Данные'!$A:$A,"<="&$B$4,'Данные'!$B:$B,$A9)) | H9: =IFERROR(G9/C9*100,"") | I9: =IFERROR(B9/G9,"") | J9: =IF(LEFT($B$7,3)="Как",SUMIFS('Данные'!$J:$J,'Данные'!$A:$A,">="&$B$3,'Данные'!$A:$A,"<="&$B$4,'Данные'!$B:$B,$A9),SUMIFS('Данные'!$G:$G,'Данные'!$A:$A,">="&$B$3,'Данные'!$A:$A,"<="&$B$4,'Данные'!$B:$B,$A9)) | K9: =IF(LEFT($B$7,3)="Как",SUMIFS('Данные'!$K:$K,'Данные'!$A:$A,">="&$B$3,'Данные'!$A:$A,"<="&$B$4,'Данные'!$B:$B,$A9),SUMIFS('Данные'!$H:$H,'Данные'!$A:$A,">="&$B$3,'Данные'!$A:$A,"<="&$B$4,'Данные'!$B:$B,$A9)) | L9: =IFERROR(K9/G9*100,"") | M9: =IFERROR(B9/K9,"")
A10: Facebook | B10: =SUMIFS('Данные'!$C:$C,'Данные'!$A:$A,">="&$B$3,'Данные'!$A:$A,"<="&$B$4,'Данные'!$B:$B,$A10)*$B$5 | C10: =SUMIFS('Данные'!$D:$D,'Данные'!$A:$A,">="&$B$3,'Данные'!$A:$A,"<="&$B$4,'Данные'!$B:$B,$A10) | D10: =SUMIFS('Данные'!$E:$E,'Данные'!$A:$A,">="&$B$3,'Данные'!$A:$A,"<="&$B$4,'Данные'!$B:$B,$A10) | E10: =IFERROR(B10/C10,"") | F10: =IFERROR(C10/D10*100,"") | G10: =IF(LEFT($B$7,3)="Как",SUMIFS('Данные'!$I:$I,'Данные'!$A:$A,">="&$B$3,'Данные'!$A:$A,"<="&$B$4,'Данные'!$B:$B,$A10),SUMIFS('Данные'!$F:$F,'Данные'!$A:$A,">="&$B$3,'Данные'!$A:$A,"<="&$B$4,'Данные'!$B:$B,$A10)) | H10: =IFERROR(G10/C10*100,"") | I10: =IFERROR(B10/G10,"") | J10: =IF(LEFT($B$7,3)="Как",SUMIFS('Данные'!$J:$J,'Данные'!$A:$A,">="&$B$3,'Данные'!$A:$A,"<="&$B$4,'Данные'!$B:$B,$A10),SUMIFS('Данные'!$G:$G,'Данные'!$A:$A,">="&$B$3,'Данные'!$A:$A,"<="&$B$4,'Данные'!$B:$B,$A10)) | K10: =IF(LEFT($B$7,3)="Как",SUMIFS('Данные'!$K:$K,'Данные'!$A:$A,">="&$B$3,'Данные'!$A:$A,"<="&$B$4,'Данные'!$B:$B,$A10),SUMIFS('Данные'!$H:$H,'Данные'!$A:$A,">="&$B$3,'Данные'!$A:$A,"<="&$B$4,'Данные'!$B:$B,$A10)) | L10: =IFERROR(K10/G10*100,"") | M10: =IFERROR(B10/K10,"")
A11: Нет метки | B11: — | C11: — | D11: — | E11: — | F11: — | G11: =IF(LEFT($B$7,3)="Как",SUMIFS('Данные'!$I:$I,'Данные'!$A:$A,">="&$B$3,'Данные'!$A:$A,"<="&$B$4,'Данные'!$B:$B,$A11),SUMIFS('Данные'!$F:$F,'Данные'!$A:$A,">="&$B$3,'Данные'!$A:$A,"<="&$B$4,'Данные'!$B:$B,$A11)) | H11: — | I11: — | J11: — | K11: =IF(LEFT($B$7,3)="Как",SUMIFS('Данные'!$K:$K,'Данные'!$A:$A,">="&$B$3,'Данные'!$A:$A,"<="&$B$4,'Данные'!$B:$B,$A11),SUMIFS('Данные'!$H:$H,'Данные'!$A:$A,">="&$B$3,'Данные'!$A:$A,"<="&$B$4,'Данные'!$B:$B,$A11)) | L11: =IFERROR(K11/G11*100,"") | M11: —
A12: Телефон | B12: — | C12: — | D12: — | E12: — | F12: — | G12: — | H12: — | I12: — | J12: — | K12: =IF(LEFT($B$7,3)="Как",SUMIFS('Данные'!$K:$K,'Данные'!$A:$A,">="&$B$3,'Данные'!$A:$A,"<="&$B$4,'Данные'!$B:$B,$A12),SUMIFS('Данные'!$H:$H,'Данные'!$A:$A,">="&$B$3,'Данные'!$A:$A,"<="&$B$4,'Данные'!$B:$B,$A12)) | L12: — | M12: —
A13: Прочее | B13: — | C13: — | D13: — | E13: — | F13: — | G13: — | H13: — | I13: — | J13: — | K13: =IF(LEFT($B$7,3)="Как",SUMIFS('Данные'!$K:$K,'Данные'!$A:$A,">="&$B$3,'Данные'!$A:$A,"<="&$B$4,'Данные'!$B:$B,$A13),SUMIFS('Данные'!$H:$H,'Данные'!$A:$A,">="&$B$3,'Данные'!$A:$A,"<="&$B$4,'Данные'!$B:$B,$A13)) | L13: — | M13: —
A14: Итого | B14: =SUM(B9:B10) | C14: =SUM(C9:C10) | D14: =SUM(D9:D10) | E14: =IFERROR(B14/C14,"") | F14: =IFERROR(C14/D14*100,"") | G14: =SUM(G9:G11) | H14: =IFERROR(G14/C14*100,"") | I14: =IFERROR(B14/G14,"") | J14: =SUM(J9:J10) | K14: =SUM(K9:K13) | L14: =IFERROR(K14/G14*100,"") | M14: =IFERROR(B14/K14,"")
A16: =IF(LEFT($B$7,3)="Как","Режим «как у клиента»: звонки — первый звонок номера за всю историю Ringostat; формы — сеансы GA4 form_submit по источнику сеанса; Телефон и Прочее без конверсий. Продажи — по правилу клиента: источник из формы заказа, иначе «Телефон»; заказы на листе «Заказы по схеме клиента», расхождения на листе «Расхождения».","Телефон: новых обращений "&SUMIFS('Данные'!$F:$F,'Данные'!$A:$A,">="&$B$3,'Данные'!$A:$A,"<="&$B$4,'Данные'!$B:$B,$A12)&" (из них звонков "&SUMIFS('Данные'!$G:$G,'Данные'!$A:$A,">="&$B$3,'Данные'!$A:$A,"<="&$B$4,'Данные'!$B:$B,$A12)&") — в «Конверсии» и «Звонки» не включены")
A17: =IF(LEFT($B$7,3)="Как","","Нет метки: из "&G11&" конверсий звонков "&SUMIFS('Данные'!$G:$G,'Данные'!$A:$A,">="&$B$3,'Данные'!$A:$A,"<="&$B$4,'Данные'!$B:$B,$A11)&" — в колонке «Звонки» не показаны")
A18: =IF(LEFT($B$7,3)="Как","","Прочее: новых обращений "&SUMIFS('Данные'!$F:$F,'Данные'!$A:$A,">="&$B$3,'Данные'!$A:$A,"<="&$B$4,'Данные'!$B:$B,$A13)&" — в «Конверсии» и «Звонки» не включены")

Sheet Данные
A1: Дата | B1: Источник | C1: Цена (Google — €, Facebook — $ как в BigQuery) | D1: Клики | E1: Показы | F1: Конверсии (наш режим: новые обращения CRM) | G1: из них звонки | H1: Продажи | I1: Конверсии (как у клиента: звонки + формы GA4) | J1: из них звонки (первый звонок за всю историю) | K1: Продажи (как у клиента: по правилу клиента, количество товара)
A2: 46296 | B2: Google Ads | C2: 472.56327 | D2: 5434 | E2: 265054 | F2: 12 | G2: 11 | H2: 2 | I2: 7 | J2: 7 | K2: 1
A3: 46296 | B3: Facebook | C3: 35.174515 | D3: 308 | E3: 7925 | F3: 0 | G3: 0 | H3: 0 | I3: 0 | J3: 0 | K3: 0
A4: 46296 | B4: Нет метки | F4: 0 | G4: 0 | H4: 2 | I4: 0 | J4: 0 | K4: 0
A5: 46296 | B5: Телефон | F5: 7 | G5: 7 | H5: 2 | I5: 0 | J5: 0 | K5: 0
A6: 46296 | B6: Прочее | F6: 0 | G6: 0 | H6: 0 | I6: 0 | J6: 0 | K6: 0
A7: 46297 | B7: Google Ads | C7: 142.88461 | D7: 1071 | E7: 38318 | F7: 5 | G7: 5 | H7: 1 | I7: 5 | J7: 4 | K7: 0
A8: 46297 | B8: Facebook | C8: 31.836565 | D8: 338 | E8: 6146 | F8: 1 | G8: 1 | H8: 1 | I8: 1 | J8: 1 | K8: 0
A9: 46297 | B9: Нет метки | F9: 1 | G9: 0 | H9: 0 | I9: 0 | J9: 0 | K9: 0
A10: 46297 | B10: Телефон | F10: 3 | G10: 3 | H10: 0 | I10: 0 | J10: 0 | K10: 3
A11: 46297 | B11: Прочее | F11: 0 | G11: 0 | H11: 0 | I11: 0 | J11: 0 | K11: 0
A12: 46298 | B12: Google Ads | C12: 5.348426 | D12: 8 | E12: 28 | F12: 0 | G12: 0 | H12: 0 | I12: 0 | J12: 0 | K12: 0
A13: 46298 | B13: Facebook | C13: 31.268698 | D13: 345 | E13: 6544 | F13: 0 | G13: 0 | H13: 0 | I13: 0 | J13: 0 | K13: 0
A14: 46298 | B14: Нет метки | F14: 0 | G14: 0 | H14: 0 | I14: 0 | J14: 0 | K14: 0
A15: 46298 | B15: Телефон | F15: 0 | G15: 0 | H15: 0 | I15: 0 | J15: 0 | K15: 0
A16: 46298 | B16: Прочее | F16: 0 | G16: 0 | H16: 0 | I16: 0 | J16: 0 | K16: 0
A17: 46299 | B17: Google Ads | C17: 0 | D17: 0 | E17: 0 | F17: 0 | G17: 0 | H17: 0 | I17: 0 | J17: 0 | K17: 0
A18: 46299 | B18: Facebook | C18: 40.806094 | D18: 520 | E18: 8994 | F18: 1 | G18: 1 | H18: 0 | I18: 2 | J18: 1 | K18: 0
A19: 46299 | B19: Нет метки | F19: 1 | G19: 0 | H19: 0 | I19: 0 | J19: 0 | K19: 1
A20: 46299 | B20: Телефон | F20: 0 | G20: 0 | H20: 0 | I20: 0 | J20: 0 | K20: 0
A21: 46299 | B21: Прочее | F21: 0 | G21: 0 | H21: 0 | I21: 0 | J21: 0 | K21: 0
A22: 46300 | B22: Google Ads | C22: 106.02169 | D22: 418 | E22: 5593 | F22: 5 | G22: 5 | H22: 6 | I22: 7 | J22: 5 | K22: 1
A23: 46300 | B23: Facebook | C23: 34.01385 | D23: 424 | E23: 7257 | F23: 2 | G23: 0 | H23: 0 | I23: 2 | J23: 0 | K23: 0
A24: 46300 | B24: Нет метки | F24: 6 | G24: 3 | H24: 4 | I24: 0 | J24: 0 | K24: 2
A25: 46300 | B25: Телефон | F25: 22 | G25: 22 | H25: 6 | I25: 0 | J25: 0 | K25: 8
A26: 46300 | B26: Прочее | F26: 0 | G26: 0 | H26: 0 | I26: 0 | J26: 0 | K26: 0
A27: 46301 | B27: Google Ads | C27: 83.565941 | D27: 233 | E27: 2308 | F27: 2 | G27: 1 | H27: 1 | I27: 3 | J27: 2 | K27: 1
A28: 46301 | B28: Facebook | C28: 35.221607 | D28: 334 | E28: 7726 | F28: 0 | G28: 0 | H28: 0 | I28: 0 | J28: 0 | K28: 0
A29: 46301 | B29: Нет метки | F29: 2 | G29: 1 | H29: 2 | I29: 1 | J29: 0 | K29: 1
A30: 46301 | B30: Телефон | F30: 6 | G30: 6 | H30: 4 | I30: 0 | J30: 0 | K30: 2
A31: 46301 | B31: Прочее | F31: 0 | G31: 0 | H31: 0 | I31: 0 | J31: 0 | K31: 0
A32: 46302 | B32: Google Ads | C32: 150.14732 | D32: 482 | E32: 8318 | F32: 3 | G32: 3 | H32: 1 | I32: 4 | J32: 3 | K32: 0
A33: 46302 | B33: Facebook | C33: 24.817175 | D33: 259 | E33: 5335 | F33: 1 | G33: 1 | H33: 0 | I33: 1 | J33: 1 | K33: 0
A34: 46302 | B34: Нет метки | F34: 1 | G34: 0 | H34: 3 | I34: 0 | J34: 0 | K34: 1
A35: 46302 | B35: Телефон | F35: 12 | G35: 12 | H35: 1 | I35: 0 | J35: 0 | K35: 0
A36: 46302 | B36: Прочее | F36: 0 | G36: 0 | H36: 0 | I36: 0 | J36: 0 | K36: 0
A37: 46303 | B37: Google Ads | C37: 236.3385 | D37: 1112 | E37: 26985 | F37: 7 | G37: 6 | H37: 4 | I37: 8 | J37: 6 | K37: 1
A38: 46303 | B38: Facebook | C38: 23.980609 | D38: 235 | E38: 4194 | F38: 1 | G38: 1 | H38: 1 | I38: 2 | J38: 1 | K38: 0
A39: 46303 | B39: Нет метки | F39: 2 | G39: 1 | H39: 1 | I39: 0 | J39: 0 | K39: 0
A40: 46303 | B40: Телефон | F40: 13 | G40: 13 | H40: 1 | I40: 0 | J40: 0 | K40: 5
A41: 46303 | B41: Прочее | F41: 0 | G41: 0 | H41: 0 | I41: 0 | J41: 0 | K41: 0
A42: 46304 | B42: Google Ads | C42: 368.02615 | D42: 2472 | E42: 45974 | F42: 6 | G42: 6 | H42: 2 | I42: 7 | J42: 6 | K42: 0
A43: 46304 | B43: Facebook | C43: 24.088643 | D43: 193 | E43: 4011 | F43: 1 | G43: 1 | H43: 1 | I43: 1 | J43: 1 | K43: 0
A44: 46304 | B44: Нет метки | F44: 3 | G44: 2 | H44: 0 | I44: 0 | J44: 0 | K44: 1
A45: 46304 | B45: Телефон | F45: 13 | G45: 13 | H45: 2 | I45: 0 | J45: 0 | K45: 4
A46: 46304 | B46: Прочее | F46: 0 | G46: 0 | H46: 0 | I46: 0 | J46: 0 | K46: 0
A47: 46305 | B47: Google Ads | C47: 72.250116 | D47: 138 | E47: 2023 | F47: 2 | G47: 2 | H47: 0 | I47: 2 | J47: 2 | K47: 0
A48: 46305 | B48: Facebook | C48: 22.623269 | D48: 236 | E48: 4123 | F48: 1 | G48: 1 | H48: 0 | I48: 1 | J48: 1 | K48: 0
A49: 46305 | B49: Нет метки | F49: 1 | G49: 1 | H49: 0 | I49: 0 | J49: 0 | K49: 0
A50: 46305 | B50: Телефон | F50: 0 | G50: 0 | H50: 0 | I50: 0 | J50: 0 | K50: 0
A51: 46305 | B51: Прочее | F51: 0 | G51: 0 | H51: 0 | I51: 0 | J51: 0 | K51: 0
A52: 46306 | B52: Google Ads | C52: 0 | D52: 0 | E52: 0 | F52: 0 | G52: 0 | H52: 0 | I52: 0 | J52: 0 | K52: 0
A53: 46306 | B53: Facebook | C53: 28.67313 | D53: 274 | E53: 5604 | F53: 0 | G53: 0 | H53: 0 | I53: 0 | J53: 0 | K53: 0
A54: 46306 | B54: Нет метки | F54: 1 | G54: 0 | H54: 0 | I54: 1 | J54: 0 | K54: 1
A55: 46306 | B55: Телефон | F55: 0 | G55: 0 | H55: 0 | I55: 0 | J55: 0 | K55: 0
A56: 46306 | B56: Прочее | F56: 0 | G56: 0 | H56: 0 | I56: 0 | J56: 0 | K56: 0
A57: 46307 | B57: Google Ads | C57: 415.22495 | D57: 2037 | E57: 34109 | F57: 13 | G57: 11 | H57: 3 | I57: 13 | J57: 11 | K57: 3
A58: 46307 | B58: Facebook | C58: 31.861496 | D58: 332 | E58: 6709 | F58: 0 | G58: 0 | H58: 0 | I58: 0 | J58: 0 | K58: 0
A59: 46307 | B59: Нет метки | F59: 4 | G59: 2 | H59: 4 | I59: 1 | J59: 0 | K59: 2
A60: 46307 | B60: Телефон | F60: 8 | G60: 8 | H60: 2 | I60: 0 | J60: 0 | K60: 4
A61: 46307 | B61: Прочее | F61: 0 | G61: 0 | H61: 0 | I61: 0 | J61: 0 | K61: 0
A62: 46308 | B62: Google Ads | C62: 279.3299 | D62: 1813 | E62: 40733 | F62: 8 | G62: 6 | H62: 8 | I62: 9 | J62: 5 | K62: 2
A63: 46308 | B63: Facebook | C63: 36.293629 | D63: 349 | E63: 7677 | F63: 0 | G63: 0 | H63: 0 | I63: 0 | J63: 0 | K63: 0
A64: 46308 | B64: Нет метки | F64: 3 | G64: 1 | H64: 1 | I64: 0 | J64: 0 | K64: 2
A65: 46308 | B65: Телефон | F65: 4 | G65: 4 | H65: 1 | I65: 0 | J65: 0 | K65: 2
A66: 46308 | B66: Прочее | F66: 0 | G66: 0 | H66: 0 | I66: 0 | J66: 0 | K66: 0
A67: 46309 | B67: Google Ads | C67: 377.4323 | D67: 2892 | E67: 81437 | F67: 10 | G67: 8 | H67: 3 | I67: 10 | J67: 8 | K67: 1
A68: 46309 | B68: Facebook | C68: 33.371191 | D68: 353 | E68: 7707 | F68: 0 | G68: 0 | H68: 0 | I68: 0 | J68: 0 | K68: 0
A69: 46309 | B69: Нет метки | F69: 2 | G69: 2 | H69: 2 | I69: 0 | J69: 0 | K69: 0
A70: 46309 | B70: Телефон | F70: 5 | G70: 5 | H70: 1 | I70: 0 | J70: 0 | K70: 3
A71: 46309 | B71: Прочее | F71: 0 | G71: 0 | H71: 0 | I71: 0 | J71: 0 | K71: 0
A72: 46310 | B72: Google Ads | C72: 233.62408 | D72: 2106 | E72: 49698 | F72: 11 | G72: 8 | H72: 5 | I72: 9 | J72: 7 | K72: 2
A73: 46310 | B73: Facebook | C73: 38.036011 | D73: 324 | E73: 7568 | F73: 0 | G73: 0 | H73: 0 | I73: 0 | J73: 0 | K73: 0
A74: 46310 | B74: Нет метки | F74: 3 | G74: 1 | H74: 1 | I74: 1 | J74: 0 | K74: 1
A75: 46310 | B75: Телефон | F75: 5 | G75: 5 | H75: 0 | I75: 0 | J75: 0 | K75: 4
A76: 46310 | B76: Прочее | F76: 0 | G76: 0 | H76: 0 | I76: 0 | J76: 0 | K76: 0
A77: 46311 | B77: Google Ads | C77: 95.715246 | D77: 761 | E77: 13566 | F77: 5 | G77: 4 | H77: 5 | I77: 6 | J77: 4 | K77: 1
A78: 46311 | B78: Facebook | C78: 29.99169 | D78: 289 | E78: 6084 | F78: 0 | G78: 0 | H78: 0 | I78: 0 | J78: 0 | K78: 0
A79: 46311 | B79: Нет метки | F79: 3 | G79: 1 | H79: 5 | I79: 3 | J79: 0 | K79: 3
A80: 46311 | B80: Телефон | F80: 6 | G80: 6 | H80: 2 | I80: 0 | J80: 0 | K80: 4
A81: 46311 | B81: Прочее | F81: 0 | G81: 0 | H81: 0 | I81: 0 | J81: 0 | K81: 0
A82: 46312 | B82: Google Ads | C82: 29.42 | D82: 81 | E82: 1101 | F82: 0 | G82: 0 | H82: 0 | I82: 0 | J82: 0 | K82: 0
A83: 46312 | B83: Facebook | C83: 29.434903 | D83: 292 | E83: 5811 | F83: 1 | G83: 1 | H83: 0 | I83: 1 | J83: 1 | K83: 0
A84: 46312 | B84: Нет метки | F84: 0 | G84: 0 | H84: 0 | I84: 0 | J84: 0 | K84: 0
A85: 46312 | B85: Телефон | F85: 0 | G85: 0 | H85: 0 | I85: 0 | J85: 0 | K85: 0
A86: 46312 | B86: Прочее | F86: 0 | G86: 0 | H86: 0 | I86: 0 | J86: 0 | K86: 0
A87: 46313 | B87: Google Ads | C87: 0 | D87: 0 | E87: 0 | F87: 1 | G87: 0 | H87: 0 | I87: 1 | J87: 0 | K87: 1
A88: 46313 | B88: Facebook | C88: 47.34072 | D88: 501 | E88: 10302 | F88: 0 | G88: 0 | H88: 0 | I88: 0 | J88: 0 | K88: 0
A89: 46313 | B89: Нет метки | F89: 0 | G89: 0 | H89: 0 | I89: 0 | J89: 0 | K89: 0
A90: 46313 | B90: Телефон | F90: 0 | G90: 0 | H90: 0 | I90: 0 | J90: 0 | K90: 0
A91: 46313 | B91: Прочее | F91: 0 | G91: 0 | H91: 0 | I91: 0 | J91: 0 | K91: 0
A92: 46314 | B92: Google Ads | C92: 128.24795 | D92: 868 | E92: 13906 | F92: 7 | G92: 5 | H92: 7 | I92: 5 | J92: 4 | K92: 3
A93: 46314 | B93: Facebook | C93: 39.185596 | D93: 463 | E93: 9175 | F93: 2 | G93: 2 | H93: 1 | I93: 3 | J93: 2 | K93: 0
A94: 46314 | B94: Нет метки | F94: 3 | G94: 1 | H94: 0 | I94: 1 | J94: 0 | K94: 1
A95: 46314 | B95: Телефон | F95: 7 | G95: 7 | H95: 1 | I95: 0 | J95: 0 | K95: 6
A96: 46314 | B96: Прочее | F96: 0 | G96: 0 | H96: 0 | I96: 0 | J96: 0 | K96: 0
A97: 46315 | B97: Google Ads | C97: 153.23111 | D97: 1128 | E97: 19793 | F97: 6 | G97: 3 | H97: 6 | I97: 7 | J97: 3 | K97: 3
A98: 46315 | B98: Facebook | C98: 40.498615 | D98: 499 | E98: 11122 | F98: 3 | G98: 2 | H98: 1 | I98: 2 | J98: 2 | K98: 0
A99: 46315 | B99: Нет метки | F99: 3 | G99: 1 | H99: 2 | I99: 1 | J99: 0 | K99: 2
A100: 46315 | B100: Телефон | F100: 1 | G100: 1 | H100: 0 | I100: 0 | J100: 0 | K100: 3
...

Sheet Списки
A1: Период | B1: Начало | C1: Конец
A2: Текущий месяц | B2: =DATE(YEAR(TODAY()),MONTH(TODAY()),1) | C2: =EOMONTH(TODAY(),0)
A3: Прошлый месяц | B3: =EOMONTH(TODAY(),-2)+1 | C3: =EOMONTH(TODAY(),-1)
A4: Текущая неделя | B4: =TODAY()-WEEKDAY(TODAY(),2)+1 | C4: =B4+6
A5: Прошлая неделя | B5: =TODAY()-WEEKDAY(TODAY(),2)-6 | C5: =B5+6
A6: Последние 7 дней | B6: =TODAY()-7 | C6: =TODAY()-1
A7: Последние 30 дней | B7: =TODAY()-30 | C7: =TODAY()-1
A8: Весь период (01.10.2026–20.10.2026) | B8: 46296 | C8: 46315
A9: Октябрь 2026 | B9: 46296 | C9: 46315
A10: Неделя 01.10–04.10.2026 | B10: 46296 | C10: 46299
A11: Неделя 05.10–11.10.2026 | B11: 46300 | C11: 46306
A12: Неделя 12.10–18.10.2026 | B12: 46307 | C12: 46313
A13: Неделя 19.10–20.10.2026 | B13: 46314 | C13: 46315
A14: Свой период

Sheet Как считается
A1: Цена, клики, показы: Google Ads — из Google Ads API по аккаунту целиком; Facebook — из BigQuery adwhite.fb_stats_profimet (там доллары, в евро пересчитано по курсу из параметра --usd-eur).
A2: Конверсии: новые обращения (звонки и формы) из выгрузки CRM по правилу 60 дней — обращение новое, если у этого номера не было засчитанного нового обращения за последние 60 дней (окно от последнего засчитанного, повторы окно не продлевают).
A3: Звонки: из конверсий те, что звонки (показаны только у Google Ads и Facebook).
A4: Продажи: проданные заказы (в выгрузке есть «Дата продажи» в периоде); источник продажи — источник первого обращения этого номера за 60 дней до первой строки заказа. Количества товара в выгрузке нет, поэтому это заказы, а не единицы.
A5: % конверсии = Конверсии ÷ Клики; Цена заявки = Цена ÷ Конверсии; % продажи = Продажи ÷ Конверсии; Цена продажи = Цена ÷ Продажи; CTR = Клики ÷ Показы; Цена клика = Цена ÷ Клики. «Итого»: цена, клики, показы — Google + Facebook; конверсии и продажи — по всем строкам.
A6: Курс USD→EUR для Facebook — ячейка B5 листа «Дашборд» (допущение; в BigQuery расход хранится в долларах).
A7: Режим B7: «Наш» — конверсии и звонки по нашему правилу 60 дней из выгрузки CRM; «Как у клиента» — звонки: первый звонок номера за всю историю Ringostat (входящие, отслеживаемые каналы), формы: сеансы GA4 form_submit по источнику сеанса (google / cpc → Google Ads, facebook* → Facebook, остальное → Нет метки); подтверждено на двух периодах скринов клиента 2026-10-20. Продажи в режиме «Как у клиента»: источник заказа по правилу клиента (есть форма → источник формы, нет формы → «Телефон»), дата заказа = дата первой строки (UTC), количество товара из списка клиента, где он есть, иначе 1; в режиме «Наш» продажи по первому обращению за 60 дней.
A8: Лист «Заказы по схеме клиента»: правила, которые использует клиент (как мы их поняли), применены к данным нашей выгрузки CRM. Поэтому в нём есть заказы, которых нет в дашборде клиента, и нет заказов клиента, которых нет в выгрузке CRM; все такие случаи с причинами на листе «Расхождения».
A9: Период выбирается в ячейке B2 листа «Дашборд»; для «Свой период» даты вводятся в E3 и E4. «Текущий месяц» и «Текущая неделя» считаются от сегодняшней даты, но данных нет позже даты, указанной в B6 (данные обновляются повторным запуском скрипта profimet_sources_dashboard.py).

Sheet Заказы по схеме клиента
A1: Дата заказа (оценка) UTC | B1: Заказ | C1: Телефон | D1: Товар | E1: Кол-во | F1: Источник по правилу клиента | G1: Источник заказа в дашборде клиента | H1: Есть у клиента | I1: Площадка | J1: Автор
A2: 2026-10-20 16:47 | B2: 13207395 | C2: +48797455191 | D2: Tunel 3x6m / 40x20mm | E2: 1 | F2: Нет метки | G2: Нет метки | H2: да | I2: Tilda | J2: script_Tilda_MOCNA
A3: 2026-10-20 12:20 | B3: 11293836 | C3: +48887214683 | D3: Tunel 3x6m / 40x20mm | E3: 1 | F3: Google Ads | G3: Google Ads | H3: да | I3: Tilda | J3: script_Tilda_MOCNA
A4: 2026-10-20 11:13 | B4: 17330065 | C4: +48668003559 | D4: Domek 2.5x6m / 40x20mm 6mm | E4: 1 | F4: Google Ads | G4: Google Ads | H4: да | I4: Tilda | J4: script_Tilda_MOCNA
A5: 2026-10-20 09:38 | B5: 72931963 | C5: +48724458796 | D5: Domek 2.5x4m / 40x20mm 6mm | E5: 1 | F5: Телефон | G5: Телефон | H5: да | I5: Tilda | J5: s.mocnaszklarnia@profimetpl.com
A6: 2026-10-20 09:30 | B6: 70182e9e | C6: +48503861418 | D6: Tunel 3x8m / 40x20mm | E6: 1 | F6: Телефон | G6: Телефон | H6: да | I6: Tilda | J6: s.mocnaszklarnia@profimetpl.com
A7: 2026-10-20 09:15 | B7: 11627047 | C7: +48513182410 | D7: Tunel 4x8m / 40x20mm 6mm | E7: 1 | F7: Google Ads | G7: Google Ads | H7: да | I7: Tilda | J7: script_Tilda_MOCNA
A8: 2026-10-20 09:12 | B8: bf6a1932 | C8: +48663029428 | E8: 1 | F8: Телефон | H8: нет
A9: 2026-10-20 05:38 | B9: 17933257 | C9: +48784426778 | D9: Tunel 3x4m / 40x20mm 6mm | E9: 1 | F9: Нет метки | G9: Нет метки | H9: да | I9: Tilda | J9: script_Tilda_MOCNA
A10: 2026-10-19 18:14 | B10: 19289642 | C10: +48663825755 | D10: Tunel 3x4m / 40x20mm | E10: 1 | F10: Нет метки | G10: Нет метки | H10: да | I10: Tilda | J10: script_Tilda_MOCNA
A11: 2026-10-19 13:02 | B11: fbe10701 | C11: +48889929886 | D11: Tunel 2,5x6m / 40x20mm 6mm | E11: 1 | F11: Телефон | G11: Телефон | H11: да | I11: Tilda | J11: profimet100@gmail.com
A12: 2026-10-19 12:32 | B12: aaedb304 | C12: +48600341180 | E12: 1 | F12: Телефон | H12: нет
A13: 2026-10-19 12:10 | B13: 7b7768bf | C13: +48785506010 | D13: Domek 2.5x4m / 40x20mm 6mm | E13: 1 | F13: Телефон | G13: Телефон | H13: да | I13: Tilda | J13: s.mocnaszklarnia@profimetpl.com
A14: 2026-10-19 11:31 | B14: a6f32d59 | C14: +48601487236 | D14: Tunel 2,5x4m / 40x20mm 6mm | E14: 1 | F14: Телефон | G14: Телефон | H14: да | I14: Tilda | J14: s.mocnaszklarnia@profimetpl.com
A15: 2026-10-19 09:07 | B15: 08eec9f5 | C15: +48694599397 | D15: Tunel 2x3m / 20x20mm | E15: 1 | F15: Телефон | G15: Телефон | H15: да | I15: Tilda | J15: profimet100@gmail.com
A16: 2026-10-19 09:00 | B16: 11122103 | C16: +48575880187 | D16: Tunel 3x6m / 40x20mm 6mm | E16: 1 | F16: Google Ads | G16: Google Ads | H16: да | I16: Tilda | J16: script_Tilda_MOCNA
A17: 2026-10-19 08:59 | B17: b80e1291 | C17: +48608210728 | D17: Tunel 3,5x8m / 40x20mm 6mm | E17: 1 | F17: Телефон | G17: Телефон | H17: да | I17: Tilda | J17: profimet100@gmail.com
A18: 2026-10-19 08:43 | B18: 87454299 | C18: +48697778816 | D18: Tunel 3x6m / 20x20mm 6mm | E18: 1 | F18: Google Ads | G18: Google Ads | H18: да | I18: Tilda | J18: script_Tilda_MOCNA
A19: 2026-10-19 06:53 | B19: 14152447 | C19: +48662587868 | D19: Tunel 3x4m / 40x20mm (D) 6mm | E19: 1 | F19: Google Ads | G19: Google Ads | H19: да | I19: Tilda | J19: script_Tilda_MOCNA
A20: 2026-10-18 13:15 | B20: 10412626 | C20: +48513124984 | D20: Tunel 3x6m / 40x20mm 6mm | E20: 1 | F20: Google Ads | G20: Google Ads | H20: да | I20: Tilda | J20: script_Tilda_MOCNA
A21: 2026-10-16 14:14 | B21: 19868832 | C21: +48661110820 | D21: Domek 2.5x4m / 40x20mm 6mm | E21: 1 | F21: Нет метки | G21: Нет метки | H21: да | I21: Tilda | J21: script_Tilda_MOCNA
A22: 2026-10-16 14:12 | B22: 13392213 | C22: +48515126940 | D22: Tunel 3,5x12m / 40x20mm 6mm | E22: 1 | F22: Нет метки | G22: Нет метки | H22: да | I22: Tilda | J22: script_Tilda_MOCNA
A23: 2026-10-16 12:54 | B23: 5edff5a1 | C23: +48691603750 | D23: Tunel 3x6m / 40x20mm 6mm | E23: 1 | F23: Телефон | G23: Телефон | H23: да | I23: Tilda | J23: m.mocnaszklarnia@profimetpl.com
A24: 2026-10-16 12:49 | B24: 20eabe57 | C24: +48690189460 | D24: Tunel 3x4m / 40x20mm (D) | E24: 1 | F24: Телефон | G24: Телефон | H24: да | I24: Tilda | J24: s.mocnaszklarnia@profimetpl.com
... A30: 2026-10-15 16:37 | B30: 16762687 | C30: +48692461217 | D30: Tunel 3x6m / 40x20mm 6mm | E30: 1 | F30: Google Ads | G30: Google Ads | H30: да | I30: Tilda | J30: script_Tilda_MOCNA
A31: 2026-10-15 12:57 | B31: 64a90a4e | C31: +48888872004 | E31: 1 | F31: Телефон | H31: нет
A32: 2026-10-15 10:10 | B32: dd533b5b | C32: +48604540409 | D32: Tunel 3x3m / 40x20mm | E32: 1 | F32: Телефон | G32: Телефон | H32: да | I32: Tilda | J32: profimet100@gmail.com
A33: 2026-10-15 09:33 | B33: 16990507 | C33: +48696439151 | D33: Domek 2.5x6m / 40x20mm 6mm | E33: 1 | F33: Google Ads | G33: Google Ads | H33: да | I33: Tilda | J33: script_Tilda_MOCNA
A34: 2026-10-15 08:52 | B34: 778938e9 | C34: +48887806548 | D34: Tunel 3x6m / 40x20mm | E34: 1 | F34: Телефон | G34: Нет метки | H34: да | I34: Tilda | J34: m.mocnaszklarnia@profimetpl.com
A35: 2026-10-15 08:17 | B35: c04c84af | C35: +48665506506 | E35: 1 | F35: Телефон | H35: нет
A36: 2026-10-14 13:40 | B36: e688d054 | C36: +48793639219 | D36: Domek 2.5x4m / 40x20mm 6mm | E36: 1 | F36: Телефон | G36: Google Ads | H36: да | I36: Tilda | J36: profimet100@gmail.com
A37: 2026-10-14 11:19 | B37: 3dc2ad08 | C37: +48793793239 | D37: Tunel 3x4m / 40x20mm 6mm | E37: 1 | F37: Телефон | G37: Телефон | H37: да | I37: Tilda | J37: s.mocnaszklarnia@profimetpl.com
A38: 2026-10-14 11:15 | B38: d9e6d938 | C38: +48512967007 | D38: Tunel 3x4m / 40x20mm 6mm | E38: 1 | F38: Телефон | G38: Телефон | H38: да | I38: Tilda | J38: s.mocnaszklarnia@profimetpl.com
A39: 2026-10-14 09:47 | B39: 10776976 | C39: +48608583298 | D39: Tunel 3x4m / 40x20mm 6mm | E39: 1 | F39: Google Ads | G39: Google Ads | H39: да | I39: Tilda | J39: script_Tilda_MOCNA
A40: 2026-10-13 19:03 | B40: 14153391 | C40: +48511999585 | D40: Tunel 3x8m / 40x20mm (D) 6mm | E40: 1 | F40: Нет метки | G40: Нет метки | H40: да | I40: Tilda | J40: script_Tilda_MOCNA
A41: 2026-10-13 10:58 | B41: e89c2916 | C41: +48517906559 | D41: Domek 2,1x4m / 40x20mm 6mm | E41: 1 | F41: Телефон | G41: Телефон | H41: да | I41: Tilda | J41: s.mocnaszklarnia@profimetpl.com
A42: 2026-10-13 09:31 | B42: 15039088 | C42: +48782515538 | D42: Tunel 3x6m / 40x20mm 6mm | E42: 1 | F42: Google Ads | G42: Google Ads | H42: да | I42: Tilda | J42: script_Tilda_MOCNA
A43: 2026-10-13 09:13 | B43: 21052978 | C43: +48603672717 | D43: Tunel 3x4m / 40x20mm | E43: 1 | F43: Нет метки | G43: Нет метки | H43: да | I43: Tilda | J43: script_Tilda_MOCNA
A44: 2026-10-13 08:18 | B44: cfe9a9c4 | C44: +48600750668 | D44: Tunel 3x6m / 40x20mm 6mm | E44: 1 | F44: Телефон | G44: Телефон | H44: да | I44: Tilda | J44: m.mocnaszklarnia@profimetpl.com
A45: 2026-10-13 05:04 | B45: 20458306 | C45: +48500205871 | D45: Tunel 3x8m / 40x20mm | E45: 1 | F45: Google Ads | G45: Google Ads | H45: да | I45: Tilda | J45: script_Tilda_MOCNA
A46: 2026-10-12 17:58 | B46: 16111579 | C46: +48609008100 | D46: Tunel 2,5x2m / 40x20mm 6mm | E46: 1 | F46: Google Ads | G46: Google Ads | H46: да | I46: Tilda | J46: script_Tilda_MOCNA
A47: 2026-10-12 13:56 | B47: 13235134 | C47: +48501122495 | D47: Tunel 3x6m / 40x20mm 6mm | E47: 2 | F47: Google Ads | G47: Google Ads | H47: да | I47: Tilda | J47: script_Tilda_MOCNA
... A67: 2026-10-06 18:46 | B67: 12850416 | C67: +48726075546 | D67: Tunel 3x6m / 40x20mm (D) 6mm | E67: 1 | F67: Google Ads | G67: Google Ads | H67: да | I67: Tilda | J67: script_Tilda_MOCNA
A68: 2026-10-06 17:56 | B68: 18846728 | C68: +48603832761 | E68: 1 | F68: Нет метки | H68: нет
A69: 2026-10-06 10:26 | B69: b6188b62 | C69: +48604850535 | D69: Tunel 3x5m / 40x20mm 6mm | E69: 1 | F69: Телефон | G69: Нет метки | H69: да | I69: Tilda | J69: s.mocnaszklarnia@profimetpl.com
A70: 2026-10-06 09:27 | B70: 798061f6 | C70: +48607440492 | E70: 1 | F70: Телефон | H70: нет
A71: 2026-10-05 19:19 | B71: 19651315 | C71: +48600787563 | D71: Tunel 3,5x8m / 40x20mm 6mm | E71: 1 | F71: Нет метки | G71: Нет метки | H71: да | I71: Tilda | J71: script_Tilda_MOCNA
A72: 2026-10-05 16:20 | B72: 16302141 | C72: +48663757987 | D72: Tunel 3x8m / 40x20mm 6mm | E72: 1 | F72: Нет метки | G72: Нет метки | H72: да | I72: Tilda | J72: script_Tilda_MOCNA
A73: 2026-10-05 13:46 | B73: 3c8a183d | C73: +48608576865 | D73: Tunel 3,5x6m / 40x20mm 6mm | E73: 1 | F73: Телефон | G73: Нет метки | H73: да | I73: Tilda | J73: m.mocnaszklarnia@profimetpl.com
A74: 2026-10-05 12:22 | B74: 21230251 | C74: +48662961729 | D74: Domek 2,1x6m / 40x20mm 6mm | E74: 1 | F74: Google Ads | G74: Google Ads | H74: да | I74: Tilda | J74: script_Tilda_MOCNA
A75: 2026-10-05 12:04 | B75: 7bc0f055 | C75: +48662066626 | D75: Tunel 3x4m / 40x20mm 6mm | E75: 1 | F75: Телефон | G75: Телефон | H75: да | I75: Tilda | J75: s.mocnaszklarnia@profimetpl.com
A76: 2026-10-05 10:14 | B76: b71d68bd | C76: +48512085168 | D76: Tunel 3x6m / 40x20mm 6mm | E76: 1 | F76: Телефон | G76: Телефон | H76: да | I76: Tilda | J76: s.mocnaszklarnia@profimetpl.com
A77: 2026-10-05 09:42 | B77: 7cd5d270 | C77: +48606525915 | E77: 1 | F77: Телефон | H77: нет
A78: 2026-10-05 00:00 | B78: 191e4209 | C78: +48500497461 | D78: Tunel 2x3m / 20x20mm; Tunel 2,5x6m / 40x20mm | E78: 2 | F78: Телефон | G78: Телефон | H78: да | I78: Tilda | J78: profimet100@gmail.com
A79: 2026-10-05 00:00 | B79: e2cc8524 | C79: +48533892552 | D79: Tunel 3x8m / 40x20mm 6mm | E79: 1 | F79: Телефон | G79: Телефон | H79: да | I79: Tilda | J79: s.mocnaszklarnia@profimetpl.com
A80: 2026-10-05 00:00 | B80: eb672196 | C80: +48694092284 | E80: 1 | F80: Телефон | H80: нет
A81: 2026-10-04 11:35 | B81: 21464984 | C81: +48883770449 | D81: Tunel 3x4m / 40x20mm | E81: 1 | F81: Нет метки | G81: Нет метки | H81: да | I81: Tilda | J81: script_Tilda_MOCNA
A82: 2026-10-02 12:54 | B82: 981ffdbd | C82: +48663682445 | D82: Tunel 3x6m / 40x20mm 6mm | E82: 1 | F82: Телефон | G82: Телефон | H82: да | I82: Tilda | J82: m.mocnaszklarnia@profimetpl.com
A83: 2026-10-02 07:27 | B83: 7c63525e | C83: +48500490470 | D83: Tunel 2,5x6m / 40x20mm | E83: 1 | F83: Телефон | G83: Телефон | H83: да | I83: Tilda | J83: s.mocnaszklarnia@profimetpl.com
A84: 2026-10-02 06:20 | B84: f7b9bc52 | C84: +48691018683 | E84: 1 | F84: Телефон | H84: нет
A85: 2026-10-01 15:24 | B85: 12663042 | C85: +48506793586 | D85: Tunel 2,5x6m / 40x20mm 6mm | E85: 1 | F85: Google Ads | G85: Google Ads | H85: да | I85: Tilda | J85: script_Tilda_MOCNA

Sheet Расхождения
A1: Раздел | B1: Заказ | C1: Дата | D1: Источник у клиента | E1: Источник по правилу клиента | F1: Причина
A2: Есть у клиента, нет у нас | B2: 02b0adbd | C2: 2026-10-20 07:11 | D2: Нет метки | F2: Заказа с таким номером в выгрузке CRM нет, есть только обращения с этим телефоном
A3: Есть у клиента, нет у нас | B3: 0b7a7433 | C3: 2026-10-16 07:28 | D3: Нет метки | F3: Заказа с таким номером в выгрузке CRM нет, есть только обращения с этим телефоном
A4: Источник у клиента другой | B4: 778938e9 | C4: 2026-10-15 08:55 | D4: Нет метки | E4: Телефон | F4: Правило клиента даёт «Телефон», у клиента «Нет метки» (вероятно, менеджер выбрал источник вручную)
A5: Есть у клиента, нет у нас | B5: 3fa3d10e | C5: 2026-10-14 14:14 | D5: Телефон | F5: В выгрузке CRM нет ни заказа, ни обращений с этим телефоном
A6: Есть у клиента, нет у нас | B6: 6d5d24da | C6: 2026-10-14 14:13 | D6: Телефон | F6: В выгрузке CRM нет ни заказа, ни обращений с этим телефоном
A7: Источник у клиента другой | B7: e688d054 | C7: 2026-10-14 13:46 | D7: Google Ads | E7: Телефон | F7: Правило клиента даёт «Телефон», у клиента «Google Ads» (вероятно, менеджер выбрал источник вручную)
A8: Есть у клиента, нет у нас | B8: e8f4485a | C8: 2026-10-11 10:10 | D8: Нет метки | F8: Заказа с таким номером в выгрузке CRM нет, есть только обращения с этим телефоном
A9: Есть у клиента, нет у нас | B9: 13d731b9 | C9: 2026-10-07 14:20 | D9: Телефон | F9: В выгрузке CRM нет ни заказа, ни обращений с этим телефоном
A10: Источник у клиента другой | B10: b6188b62 | C10: 2026-10-06 10:28 | D10: Нет метки | E10: Телефон | F10: Правило клиента даёт «Телефон», у клиента «Нет метки» (вероятно, менеджер выбрал источник вручную)
A11: Источник у клиента другой | B11: 3c8a183d | C11: 2026-10-05 13:49 | D11: Нет метки | E11: Телефон | F11: Правило клиента даёт «Телефон», у клиента «Нет метки» (вероятно, менеджер выбрал источник вручную)
A12: Есть у нас, нет у клиента | B12: 18846728 | C12: 2026-10-06 17:56 | E12: Нет метки | F12: Причина неизвестна
A13: Есть у нас, нет у клиента | B13: 64a90a4e | C13: 2026-10-15 12:57 | E13: Телефон | F13: Повторная покупка: человек уже покупал раньше
A14: Есть у нас, нет у клиента | B14: 798061f6 | C14: 2026-10-06 09:27 | E14: Телефон | F14: Повторная покупка: человек уже покупал раньше
A15: Есть у нас, нет у клиента | B15: 7cd5d270 | C15: 2026-10-05 09:42 | E15: Телефон | F15: Причина неизвестна
A16: Есть у нас, нет у клиента | B16: aaedb304 | C16: 2026-10-19 12:32 | E16: Телефон | F16: Причина неизвестна
A17: Есть у нас, нет у клиента | B17: bf6a1932 | C17: 2026-10-20 09:12 | E17: Телефон | F17: Причина неизвестна
A18: Есть у нас, нет у клиента | B18: c04c84af | C18: 2026-10-15 08:17 | E18: Телефон | F18: Причина неизвестна
A19: Есть у нас, нет у клиента | B19: eb672196 | C19: 2026-10-05 00:00 | E19: Телефон | F19: Причина неизвестна
A20: Есть у нас, нет у клиента | B20: f7b9bc52 | C20: 2026-10-02 06:20 | E20: Телефон | F20: Повторная покупка: человек уже покупал раньше
